"","Df","SumsOfSqs","MeanSqs","F.Model","R2","Pr(>F)","description"
"site_name...1",3,1.46096383699276,0.486987945664255,1.44443525428873,0.178081260519852,0.002,"Limu metabolite samples"
"Residuals...2",20,6.74295291835782,0.337147645917891,NA,0.821918739480148,NA,"Limu metabolite samples"
"Total...3",23,8.20391675535058,NA,NA,1,NA,"Limu metabolite samples"
"site_name...4",4,2.06505390903553,0.516263477258882,1.74043554087937,0.158359105460903,0.001,"Coral metabolite samples"
"Residuals...5",37,10.9752692414724,0.296628898418172,NA,0.841640894539097,NA,"Coral metabolite samples"
"Total...6",41,13.0403231505079,NA,NA,1,NA,"Coral metabolite samples"
"site_name...7",4,2.72785585864913,0.681963964662283,2.01431130659133,0.201143268360904,0.001,"CCA metabolite samples"
"Residuals...8",32,10.8338998037608,0.338559368867526,NA,0.798856731639096,NA,"CCA metabolite samples"
"Total...9",36,13.56175566241,NA,NA,1,NA,"CCA metabolite samples"
